<?xml version="1.0" encoding="UTF-8"?>
<beans xmlns="http://www.springframework.org/schema/beans"
	xmlns:xsi="http://www.w3.org/2001/XMLSchema-instance"
	xmlns:context="http://www.springframework.org/schema/context"
	xmlns:util="http://www.springframework.org/schema/util"
	xmlns:aop="http://www.springframework.org/schema/aop"
	xmlns:mvc="http://www.springframework.org/schema/mvc"
	xsi:schemaLocation="http://www.springframework.org/schema/mvc http://www.springframework.org/schema/mvc/spring-mvc.xsd
		http://www.springframework.org/schema/beans http://www.springframework.org/schema/beans/spring-beans.xsd
		http://www.springframework.org/schema/context http://www.springframework.org/schema/context/spring-context.xsd
		http://www.springframework.org/schema/aop http://www.springframework.org/schema/aop/spring-aop-4.3.xsd
		http://www.springframework.org/schema/util http://www.springframework.org/schema/util/spring-util.xsd">

	<mvc:annotation-driven></mvc:annotation-driven>
	
	<!-- 打开spring的组件扫描功能 -->
	<context:component-scan base-package="edu.sdu.pre.controller"></context:component-scan>
	
	<!-- 配置视图解析器，定义前缀后缀的属性值 -->
    <bean id="" class="org.springframework.web.servlet.view.InternalResourceViewResolver" >
    	<property name="prefix" value="/WEB-INF/jsp/"></property>
		<property name="suffix" value=".jsp"></property>
    </bean>
   
    <!-- 更多的bean定义写在这里 -->
    
    <!-- 配置拦截器 ,mapping为拦截的，exclude为不拦的-->
    <mvc:interceptors>
    	<mvc:interceptor>
    		<mvc:mapping path="/page/*"/>
    		<mvc:exclude-mapping path="/user/*"/>
    		<mvc:exclude-mapping path="/goods/*"/>
    		<ref bean="accessInterceptor"/>
    	</mvc:interceptor>
    </mvc:interceptors>
    
    <!-- 文件上载支持 -->
    <bean id="multipartResolver"
    		class="org.springframework.web.multipart.commons.CommonsMultipartResolver">
    		<!-- 其中一个可以配置的属性，上传文件的最大字节 -->
    		<property name="maxUploadSize" value="10000000"></property>
    		
    		 <property name="defaultEncoding" value="UTF-8"></property>
    </bean>
    
</beans>