<?xml version="1.0" encoding="UTF-8"?>
<beans xmlns="http://www.springframework.org/schema/beans"
    xmlns:xsi="http://www.w3.org/2001/XMLSchema-instance"
    xmlns:context="http://www.springframework.org/schema/context"
    xmlns:util="http://www.springframework.org/schema/util"
    xsi:schemaLocation="
        http://www.springframework.org/schema/beans  http://www.springframework.org/schema/beans/spring-beans.xsd
        http://www.springframework.org/schema/context http://www.springframework.org/schema/context/spring-context.xsd
        http://www.springframework.org/schema/util http://www.springframework.org/schema/util/spring-util.xsd">

    <util:properties id="cfg" location="classpath:config.properties"></util:properties>
    
    <!-- 利用Spring容器管理数据库连接池 -->
    <!-- 必选参数 -->
   		 <!-- 建议用cfg属性参数文件来管理参数 ,用Spring表达式获取参数,要加双引号，”#{cfg.}“-->
    <bean id="dataSource" class="org.apache.commons.dbcp.BasicDataSource"
    	 destroy-method="close">
    	<!-- basicDataSource实现了DataSource的借口 -->
    	<property name="driverClassName" value="#{cfg.driver}"></property>
    	<property name="url" value="#{cfg.url}"></property>
    	<property name="username" value="#{cfg.username}"></property>
    	<property name="password" value="#{cfg.password}"></property>
    <!-- 可选参数 -->
   		<property name="maxActive" value="#{cfg.maxActive}"></property> 
    </bean>
    
    <bean id="sqlSessionFactory" class="org.mybatis.spring.SqlSessionFactoryBean" >
    	<!-- MyBatis通过dataSource连接到数据库 -->
    	<property name="dataSource" ref="dataSource"></property>
    	<!-- 设置映射文件位置 -->
    	<property name="mapperLocations" value="classpath:mapper/*.xml"></property>
    </bean>
    
    <!-- 自动扫描mapper包中的全部接口，并且自动实现接口的Bean对象，并在Spring容器中进行登记，Bean的ID是类名首字母小写 -->
    <bean class="org.mybatis.spring.mapper.MapperScannerConfigurer">
    	<!-- 这一行可以不写 -->
    	<property name="sqlSessionFactory" ref="sqlSessionFactory"></property>
    	<property name="basePackage" value="edu.sdu.pre.mapper"></property>
    </bean>
   
</beans>