<?xml version="1.0" encoding="UTF-8"?>
<!DOCTYPE mapper
    PUBLIC "-//mybatis.org//DTD Mapper 3.0//EN"
    "http://mybatis.org/dtd/mybatis-3-mapper.dtd">
<!-- 命名空间是接口的报名及类名 -->    
<mapper namespace="edu.sdu.pre.mapper.AddressMapper">
	<select id="findAddressByUid" resultType="edu.sdu.pre.entity.Address">
	select
		id,
		uid,
		recv_name as recvName,
		recv_province as recvProvince,
		recv_city as recvCity,
		recv_area as recvArea,
		recv_district as recvDistrict,
		recv_addr as recvAddr,
		recv_phone as recvPhone,
		recv_tel as recvTel,
		recv_zip as recvZip,
		recv_tag as recvTag,
		is_default as isDefault,
		created_user as createdUser,
		created_time as createdTime,
		modified_user as modifiedUser,
		modified_time as modifiedTime	
	from
		t_address
	where
		uid=#{uid}
	order by is_default desc
	</select>
	
	<select id="findCertainAddress" resultType="edu.sdu.pre.entity.Address">
	select
		id,
		uid,
		recv_name as recvName,
		recv_province as recvProvince,
		recv_city as recvCity,
		recv_area as recvArea,
		recv_district as recvDistrict,
		recv_addr as recvAddr,
		recv_phone as recvPhone,
		recv_tel as recvTel,
		recv_zip as recvZip,
		recv_tag as recvTag,
		is_default as isDefault,
		created_user as createdUser,
		created_time as createdTime,
		modified_user as modifiedUser,
		modified_time as modifiedTime	
	from
		t_address
	where 
		recv_name=#{recvName} and recv_district=#{recvDistrict} and recv_Area=#{recvArea} and recv_Phone=#{recvPhone}
	</select>

	<insert id="saveAddress" parameterType="edu.sdu.pre.entity.Address">
	insert into t_address(
		id,
		uid,
		recv_name,
		recv_province,
		recv_city,
		recv_area,
		recv_district,
		recv_addr,
		recv_phone,
		recv_tel,
		recv_zip,
		recv_tag,
		is_default,
		created_user,
		created_time,
		modified_user,
		modified_time
	)
	values(
		#{id},
		#{uid},
		#{recvName},
		#{recvProvince},
		#{recvCity},
		#{recvArea},
		#{recvDistrict},
		#{recvAddr},
		#{recvPhone},
		#{recvTel},
		#{recvZip},
		#{recvTag},
		#{isDefault},
		#{createdUser},
		#{createdTime},
		#{modifiedUser},
		#{modifiedTime}
	)
	</insert>
	
	<delete id="deleteAddressById">
		delete
		from
			t_address
		where
			id=#{id}
	</delete>
	
	<select id="findAddressById" resultType="edu.sdu.pre.entity.Address">
	select
		id,
		uid,
		recv_name as recvName,
		recv_province as recvProvince,
		recv_city as recvCity,
		recv_area as recvArea,
		recv_district as recvDistrict,
		recv_addr as recvAddr,
		recv_phone as recvPhone,
		recv_tel as recvTel,
		recv_zip as recvZip,
		recv_tag as recvTag,
		is_default as isDefault,
		created_user as createdUser,
		created_time as createdTime,
		modified_user as modifiedUser,
		modified_time as modifiedTime	
	from
		t_address
	where 
		id=#{id}
	</select>
	
	<update id="updateAddressById">
	update 
		t_address
	set
	   recv_name=#{recvName},
	   recv_province=#{recvProvince},
	   recv_city=#{recvCity},
	   recv_area=#{recvArea},
		recv_district=#{recvDistrict},
		recv_addr=#{recvAddr},
		recv_phone=#{recvPhone},
		recv_tel=#{recvTel},
		recv_zip=#{recvZip},
		recv_tag=#{recvTag},
		modified_user=#{name},
		modified_time=#{time}
	where
		id=#{id}
	</update>
</mapper>