<?xml version="1.0" encoding="UTF-8"?>
<!DOCTYPE mapper
    PUBLIC "-//mybatis.org//DTD Mapper 3.0//EN"
    "http://mybatis.org/dtd/mybatis-3-mapper.dtd">
<!-- 命名空间是接口的报名及类名 -->    
<mapper namespace="edu.sdu.pre.mapper.DistrictMapper">
	<select id="findProvince" resultType="edu.sdu.pre.entity.Province">
		select
			id,
			province_code as provinceCode,
			province_name as provinceName
		from 
			t_dict_provinces
		where
			province_code=#{recvProvince}
	</select>
	
	<select id="findCity" resultType="edu.sdu.pre.entity.City">
		select 
			id,
			province_code as provinceCode,
			city_code as cityCode,
			city_name as cityName
		from
			t_dict_cities
		where
		    city_code=#{recvCity}
	</select>
	
	<select id="findArea" resultType="edu.sdu.pre.entity.Area">
		select
			 id,
			 city_code as cityCode,
			 area_code as areaCode,
			 area_name as areaName
		from
		     t_dict_areas 
		where
			area_code=#{recvArea}
	</select>
	
	<select id="findAllProvince" resultType="edu.sdu.pre.entity.Province">
	select
			id,
			province_code as provinceCode,
			province_name as provinceName
		from 
			t_dict_provinces
	
	</select>
	
	<select id="findCitiesByProvince" resultType="edu.sdu.pre.entity.City">
		select 
			id,
			province_code as provinceCode,
			city_code as cityCode,
			city_name as cityName
		from
			t_dict_cities
		where
		    province_code=#{provinceCode}
	</select>
	<select id="findAreasByCity" resultType="edu.sdu.pre.entity.Area">
		select
			 id,
			 city_code as cityCode,
			 area_code as areaCode,
			 area_name as areaName
		from
		     t_dict_areas 
		where
			city_code=#{cityCode}
	</select>
</mapper>