<?xml version="1.0" encoding="UTF-8"?>
<!DOCTYPE mapper
    PUBLIC "-//mybatis.org//DTD Mapper 3.0//EN"
    "http://mybatis.org/dtd/mybatis-3-mapper.dtd">
<!-- 命名空间是接口的报名及类名 -->    
<mapper namespace="edu.sdu.pre.mapper.UserMapper">
	<!-- #{id} 表达式读取的是User的Bean属性 -->
	<insert id="addUser" parameterType="edu.sdu.pre.entity.User">
		<!-- 一定不要加分号 -->
		insert into user(
			id,
			name,
			password,
			email,
			mobile,
			gender,
			create_user,
			create_time,
			modify_user,
			modify_time
		)
		 values(
		 	#{id},
		 	#{name},
		 	#{password},
		 	#{email},
		 	#{mobile},
		 	#{gender},
		 	#{createUser},
		 	#{createTime},
		 	#{modifyUser},
		 	#{modifyTime}
		 )
	</insert>
	
	<!-- 结果值类型是哪个包中的哪个类 -->
	<select id="findUserByName" resultType="edu.sdu.pre.entity.User">
		select 
			id,name,password,email,mobile,gender,
			create_user as createUser,
			create_time as createTime,
			modify_user as modifyUser,
			modify_time as modifyTime
		from
			user
		where
			name=#{name}
	</select>
	
	<delete id="deleteUserById">
		delete 
		from
			user
		where
			id in
			<foreach collection="id" item="i" open="(" separator="," close=")">
			#{i}
			</foreach>
	</delete>
	
	<select id="findUserId" resultType="edu.sdu.pre.entity.User">
		select
			id,name,password,email,mobile,gender,
			create_user as createUser,
			create_time as createTime,
			modify_user as modifyUser,
			modify_time as modifyTime
		from 
			user
		where
			name=#{uname}
	</select>
	
</mapper>